model,seed,best_epoch,checkpoint,checkpoint_sha256,pr_auc,roc_auc,brier,log_loss,prevalence,ece_10,calibration_slope,calibration_intercept,top_decile_precision,top_decile_lift
temporal_tabular,17,22,models\temporal_surveillance_2024_2025\eval_2025\temporal_tabular_seed17.pt,61cc467d7b24709be3f1fd21daf9e98e22e14b6599abfdbf3fb15883da3a9872,0.2641150321536056,0.6925306742269611,0.08734206855297089,0.3094715476036072,0.10508269463493344,0.00717738836897765,0.9779243122082327,0.025789527411431843,0.2949798460974716,2.8071210690043458
temporal_tabular,29,7,models\temporal_surveillance_2024_2025\eval_2025\temporal_tabular_seed29.pt,d44f8a5681c9239473805315b707926cb64dd6a46a5c0ba70f7a82054803215c,0.2553378976940448,0.6922333997896851,0.08803141862154007,0.31172341108322144,0.10508269463493344,0.017153330085107634,0.9976519355853928,0.20517803771885795,0.29464613127979467,2.803945333752825
temporal_tabular,43,8,models\temporal_surveillance_2024_2025\eval_2025\temporal_tabular_seed43.pt,b0e92b44e1dcc17ae1a7792e1f7cc2c0b74877a5ea124399f1a63f65471ccd42,0.2613082129018884,0.696761238595213,0.08753354102373123,0.30972549319267273,0.10508269463493344,0.012335863473205515,0.9760685685274643,0.09871166779703906,0.29552949798460976,2.8123517293813727
temporal_tabular,71,22,models\temporal_surveillance_2024_2025\eval_2025\temporal_tabular_seed71.pt,c5b5d9bd25f3c34c661f3a5d76c38ed6ed97a91465293d59a3e999bac1867c8f,0.2639053556924129,0.6921920234380882,0.08736895024776459,0.3096562325954437,0.10508269463493344,0.007600955290169593,0.9708564185670276,0.030290700425323662,0.29440879926672775,2.8016868076092822
temporal_tabular,101,22,models\temporal_surveillance_2024_2025\eval_2025\temporal_tabular_seed101.pt,1c6e32d1bea9d8f6718afe296f42af8ba267520c4d765f0f4f8dd92345816a09,0.26523169379763867,0.6892692928442772,0.08731048554182053,0.3097025454044342,0.10508269463493344,0.006186582966487325,0.963854867611742,-0.014461149651715998,0.2897623400365631,2.757469638965988
