model,seed,best_epoch,checkpoint,checkpoint_sha256,pr_auc,roc_auc,brier,log_loss,prevalence,ece_10,calibration_slope,calibration_intercept,top_decile_precision,top_decile_lift
temporal_tabular,17,31,models\temporal_surveillance_2024_2025\eval_2024\temporal_tabular_seed17.pt,4de94ed3974c19db3be18ddfe1345d17e2939f761b12b8a2915ca58712da960d,0.3192193736154122,0.7387900869485732,0.09246332943439484,0.31857830286026,0.1172264030851024,0.0032940305295710015,0.9549426958357411,-0.06464669414534951,0.38124649073554184,3.252223737162436
temporal_tabular,29,16,models\temporal_surveillance_2024_2025\eval_2024\temporal_tabular_seed29.pt,ca585924cf0ec5bfc86e9091aa8f355aa387086681c16c0c1e4dbf589722e4de,0.3147297161530995,0.7346714107031389,0.09336348623037338,0.32277798652648926,0.1172264030851024,0.021491353287790074,0.9663322415377666,0.18543385592783945,0.3760044851429639,3.2075068009209273
temporal_tabular,43,18,models\temporal_surveillance_2024_2025\eval_2024\temporal_tabular_seed43.pt,4ad0bce64ad235e371ad5646bba4ce7b087bb6e3d3862856b9da0da88e2f0700,0.30919568418428617,0.7312998317130508,0.09437939524650574,0.32589903473854065,0.1172264030851024,0.02723710650266828,1.0472233132567224,0.4235833737605078,0.3677322864086745,3.1369407977289323
temporal_tabular,71,20,models\temporal_surveillance_2024_2025\eval_2024\temporal_tabular_seed71.pt,296772e15d959531d551ff96d9fd8867716b0332fb2ca76e482014ec541087e3,0.32042374375889643,0.7381981367172095,0.09262599796056747,0.31947746872901917,0.1172264030851024,0.012870616275549918,1.0034763647171818,0.15332906335657714,0.3838383838383838,3.274333885001403
temporal_tabular,101,28,models\temporal_surveillance_2024_2025\eval_2024\temporal_tabular_seed101.pt,afd940e8d2894b5e1b2e8d901314db52dd9e5c6ccdfd58f66558e356338d5209,0.31448191554531385,0.737012768210458,0.09303727746009827,0.32078415155410767,0.1172264030851024,0.01624617928661301,1.0067391752165804,0.19959845089554573,0.3801235261089276,3.242644285801133
