year,rows,sessions,securities,events,event_rate
2021,5606,237,24,629,0.11220121298608633
2022,5759,240,24,573,0.09949644035422817
2023,5376,225,24,735,0.13671875
2024,5404,229,24,635,0.11750555144337528
2025,5331,225,24,568,0.10654661414368786
